Product Type,Name,Plate ID,Well Location,Insert Sequence,Insert Length,Construct Sequence (Insert + Adapters),Construct Length (Insert + Adapters),Yield (ng),Order #
Gene Fragments with adapters,Alfax1tag_BsMBIflanked,pSHPs0207B250701HA,A1,TCGTAATAGCCTCCAAGAGATTGATGATACAGCTCGTCATGGGCACAGAGCTAGACGGCGCCGATGGATAGCGCGACGGACTTTCGGTCAACCACAATTCCCCACGAGACAGGTCCTGCCGTGCGACGTCTCAGCGGGAGCCGACTCGAGGAGGAGCTGAGAAGAAGACTGACCGAAGGGAGCGAGACGACATCACTCTGAATGTACAAGCAACCCAAGAGGGCTGAGCCTGGGATCGCTACTCAGCTGGTTCCTGGGTGAGCTCGAGACTCGGGGTGACAGCTCTTCATACATAGAGCGGGGGCGTCGAAC,312,CAATCCGCCCTCACTACAACCGTCGTAATAGCCTCCAAGAGATTGATGATACAGCTCGTCATGGGCACAGAGCTAGACGGCGCCGATGGATAGCGCGACGGACTTTCGGTCAACCACAATTCCCCACGAGACAGGTCCTGCCGTGCGACGTCTCAGCGGGAGCCGACTCGAGGAGGAGCTGAGAAGAAGACTGACCGAAGGGAGCGAGACGACATCACTCTGAATGTACAAGCAACCCAAGAGGGCTGAGCCTGGGATCGCTACTCAGCTGGTTCCTGGGTGAGCTCGAGACTCGGGGTGACAGCTCTTCATACATAGAGCGGGGGCGTCGAACCTACTCTGGCGTCGATGAGGGA,356,1422,Q-242811
Gene Fragments with adapters,Histag_BsMBIflanked_v2,pSHPs0207B250701HA,A2,TCGTAATAGCCTCCAAGAGATTGATGATACAGCTCGTCATGGGCACAGAGCTAGACGGCGCCGATGGATAGCGCGACGGACTTTCGGTCAACCACAATTCCCCACGAGACAGGTCCTGCCGTGCGACGTCTCAGCGGGCATCATCACCATCATCACCATCATTGGGAACTGCAGGGGAGCGAGACGACATCACTCTGAATGTACAAGCAACCCAAGAGGGCTGAGCCTGGGATCGCTACTCAGCTGGTTCCTGGGTGAGCTCGAGACTCGGGGTGACAGCTCTTCATACATAGAGCGGGGGCGTCGAAC,309,CAATCCGCCCTCACTACAACCGTCGTAATAGCCTCCAAGAGATTGATGATACAGCTCGTCATGGGCACAGAGCTAGACGGCGCCGATGGATAGCGCGACGGACTTTCGGTCAACCACAATTCCCCACGAGACAGGTCCTGCCGTGCGACGTCTCAGCGGGCATCATCACCATCATCACCATCATTGGGAACTGCAGGGGAGCGAGACGACATCACTCTGAATGTACAAGCAACCCAAGAGGGCTGAGCCTGGGATCGCTACTCAGCTGGTTCCTGGGTGAGCTCGAGACTCGGGGTGACAGCTCTTCATACATAGAGCGGGGGCGTCGAACCTACTCTGGCGTCGATGAGGGA,353,1536,Q-242811
Gene Fragments with adapters,Alfax1tag(pro)_BsMBIflanked,pSHPs0207B250701HA,B1,TCGTAATAGCCTCCAAGAGATTGATGATACAGCTCGTCATGGGCACAGAGCTAGACGGCGCCGATGGATAGCGCGACGGACTTTCGGTCAACCACAATTCCCCACGAGACAGGTCCTGCCGTGCGACGTCTCAGCGGGCCCAGCCGACTCGAGGAGGAGCTGAGAAGAAGACTGACCGAACCCGGGAGCGAGACGACATCACTCTGAATGTACAAGCAACCCAAGAGGGCTGAGCCTGGGATCGCTACTCAGCTGGTTCCTGGGTGAGCTCGAGACTCGGGGTGACAGCTCTTCATACATAGAGCGGGGGCGTCGAAC,318,CAATCCGCCCTCACTACAACCGTCGTAATAGCCTCCAAGAGATTGATGATACAGCTCGTCATGGGCACAGAGCTAGACGGCGCCGATGGATAGCGCGACGGACTTTCGGTCAACCACAATTCCCCACGAGACAGGTCCTGCCGTGCGACGTCTCAGCGGGCCCAGCCGACTCGAGGAGGAGCTGAGAAGAAGACTGACCGAACCCGGGAGCGAGACGACATCACTCTGAATGTACAAGCAACCCAAGAGGGCTGAGCCTGGGATCGCTACTCAGCTGGTTCCTGGGTGAGCTCGAGACTCGGGGTGACAGCTCTTCATACATAGAGCGGGGGCGTCGAACCTACTCTGGCGTCGATGAGGGA,362,659,Q-242811
Gene Fragments with adapters,Histag_BsMBIflanked_v3,pSHPs0207B250701HA,B2,TCGTAATAGCCTCCAAGAGATTGATGATACAGCTCGTCATGGGCACAGAGCTAGACGGCGCCGATGGATAGCGCGACGGACTTTCGGTCAACCACAATTCCCCACGAGACAGGTCCTGCCGTGCGACGTCTCAGCGGGCATCACCATCACCATCACCATCACTGGGAACTGCAGGGGAGCGAGACGACATCACTCTGAATGTACAAGCAACCCAAGAGGGCTGAGCCTGGGATCGCTACTCAGCTGGTTCCTGGGTGAGCTCGAGACTCGGGGTGACAGCTCTTCATACATAGAGCGGGGGCGTCGAAC,309,CAATCCGCCCTCACTACAACCGTCGTAATAGCCTCCAAGAGATTGATGATACAGCTCGTCATGGGCACAGAGCTAGACGGCGCCGATGGATAGCGCGACGGACTTTCGGTCAACCACAATTCCCCACGAGACAGGTCCTGCCGTGCGACGTCTCAGCGGGCATCACCATCACCATCACCATCACTGGGAACTGCAGGGGAGCGAGACGACATCACTCTGAATGTACAAGCAACCCAAGAGGGCTGAGCCTGGGATCGCTACTCAGCTGGTTCCTGGGTGAGCTCGAGACTCGGGGTGACAGCTCTTCATACATAGAGCGGGGGCGTCGAACCTACTCTGGCGTCGATGAGGGA,353,1400,Q-242811
Gene Fragments with adapters,Flag-HA_BsMBIflanked,pSHPs0207B250701HA,C1,TCGTAATAGCCTCCAAGAGATTGATGATACAGCTCGTCATGGGCACAGAGCTAGACGGCGCCGATGGATAGCGCGACGGACTTTCGGTCAACCACAATTCCCCACGAGACAGGTCCTGCCGTGCGACGTCTCAGCGGGGACTACAAAGACGATGACGATAAAGGGGGCGGTGGAGGTTACCCATACGATGTTCCAGATTACGCTGGTGGAGGTGGAGGTGGGAGCGAGACGACATCACTCTGAATGTACAAGCAACCCAAGAGGGCTGAGCCTGGGATCGCTACTCAGCTGGTTCCTGGGTGAGCTCGAGACTCGGGGTGACAGCTCTTCATACATAGAGCGGGGGCGTCGAAC,354,CAATCCGCCCTCACTACAACCGTCGTAATAGCCTCCAAGAGATTGATGATACAGCTCGTCATGGGCACAGAGCTAGACGGCGCCGATGGATAGCGCGACGGACTTTCGGTCAACCACAATTCCCCACGAGACAGGTCCTGCCGTGCGACGTCTCAGCGGGGACTACAAAGACGATGACGATAAAGGGGGCGGTGGAGGTTACCCATACGATGTTCCAGATTACGCTGGTGGAGGTGGAGGTGGGAGCGAGACGACATCACTCTGAATGTACAAGCAACCCAAGAGGGCTGAGCCTGGGATCGCTACTCAGCTGGTTCCTGGGTGAGCTCGAGACTCGGGGTGACAGCTCTTCATACATAGAGCGGGGGCGTCGAACCTACTCTGGCGTCGATGAGGGA,398,1251,Q-242811
Gene Fragments with adapters,Histag_BsMBIflanked_v1,pSHPs0207B250701HA,C2,TCGTAATAGCCTCCAAGAGATTGATGATACAGCTCGTCATGGGCACAGAGCTAGACGGCGCCGATGGATAGCGCGACGGACTTTCGGTCAACCACAATTCCCCACGAGACAGGTCCTGCCGTGCGACGTCTCAGCGGGCACCACCATCACCACCATCACCACTGGGAACTGCAGGGGAGCGAGACGACATCACTCTGAATGTACAAGCAACCCAAGAGGGCTGAGCCTGGGATCGCTACTCAGCTGGTTCCTGGGTGAGCTCGAGACTCGGGGTGACAGCTCTTCATACATAGAGCGGGGGCGTCGAAC,309,CAATCCGCCCTCACTACAACCGTCGTAATAGCCTCCAAGAGATTGATGATACAGCTCGTCATGGGCACAGAGCTAGACGGCGCCGATGGATAGCGCGACGGACTTTCGGTCAACCACAATTCCCCACGAGACAGGTCCTGCCGTGCGACGTCTCAGCGGGCACCACCATCACCACCATCACCACTGGGAACTGCAGGGGAGCGAGACGACATCACTCTGAATGTACAAGCAACCCAAGAGGGCTGAGCCTGGGATCGCTACTCAGCTGGTTCCTGGGTGAGCTCGAGACTCGGGGTGACAGCTCTTCATACATAGAGCGGGGGCGTCGAACCTACTCTGGCGTCGATGAGGGA,353,1462,Q-242811
Gene Fragments with adapters,mFAP10_BsMBIflanked,pSHPs0207B250701HA,D1,ACGTCTCAGCGGGTCACGGGCCGCTCAGCTCTTGCCAGGCACTTGGCAGGCCACCTTTACCAACGAGGATGGGCAGACCAGCCAAGGTCAGATTCACTTCCAGCCCCGATCTCCATATACAATGGACATTGTTGCTCAAGGGACGATCAGTGATGGGAGGCCGATCGTCGGCTACGGAAAAGCGACAGTGAAAACCCCTGACACGCTGGATATTGACATCACTTACCCCAGCCTTGGAAACATCAAGGCCCAGGGTCAGATAACCATGGACTCCCCTACCCAGTTCAAGTTTGACGCAACAACAAAGGGCGAGAATGATTTCCATGGAAGATTAACTGGCACTCTGCAGCGCCAAGAAGGGAGCGAGACGA,371,CAATCCGCCCTCACTACAACCGACGTCTCAGCGGGTCACGGGCCGCTCAGCTCTTGCCAGGCACTTGGCAGGCCACCTTTACCAACGAGGATGGGCAGACCAGCCAAGGTCAGATTCACTTCCAGCCCCGATCTCCATATACAATGGACATTGTTGCTCAAGGGACGATCAGTGATGGGAGGCCGATCGTCGGCTACGGAAAAGCGACAGTGAAAACCCCTGACACGCTGGATATTGACATCACTTACCCCAGCCTTGGAAACATCAAGGCCCAGGGTCAGATAACCATGGACTCCCCTACCCAGTTCAAGTTTGACGCAACAACAAAGGGCGAGAATGATTTCCATGGAAGATTAACTGGCACTCTGCAGCGCCAAGAAGGGAGCGAGACGACTACTCTGGCGTCGATGAGGGA,415,1434,Q-242811
Gene Fragments with adapters,mNeonGreen_BsMBIflanked,pSHPs0207B250701HA,E1,ACGTCTCAGCGGGGTGAGCAAGGGCGAGGAGGATAACATGGCCTCTCTCCCAGCGACACATGAGTTACACATCTTTGGCTCCATCAACGGTGTGGACTTTGACATGGTGGGTCAGGGCACCGGCAATCCAAATGATGGTTATGAGGAGTTAAACCTGAAGTCCACCAAGGGTGACCTCCAGTTCTCCCCCTGGATTCTGGTCCCTCATATCGGGTATGGCTTCCATCAGTACCTGCCCTACCCTGACGGGATGTCGCCTTTCCAGGCCGCCATGGTAGATGGCTCCGGCTACCAAGTCCATCGCACAATGCAGTTTGAAGATGGTGCCTCCCTTACTGTTAACTACCGCTACACCTACGAGGGAAGCCACATCAAAGGAGAGGCCCAGGTGAAGGGGACTGGTTTCCCTGCTGACGGTCCTGTGATGACCAACTCGCTGACCGCTGCGGACTGGTGCAGGTCGAAGAAGACTTACCCCAACGACAAAACCATCATCAGTACCTTTAAGTGGAGTTACACCACTGGAAATGGCAAGCGCTACCGGAGCACTGCGCGGACCACCTACACCTTTGCCAAGCCAATGGCGGCTAACTATCTGAAGAACCAGCCGATGTACGTGTTCCGTAAGACGGAGCTCAAGCACTCCAAGACCGAGCTCAACTTCAAGGAGTGGCAAAAGGCCTTTACCGATGTGATGGGCATGGACGAGCTGTACAAGGGGAGCGAGACGA,731,CAATCCGCCCTCACTACAACCGACGTCTCAGCGGGGTGAGCAAGGGCGAGGAGGATAACATGGCCTCTCTCCCAGCGACACATGAGTTACACATCTTTGGCTCCATCAACGGTGTGGACTTTGACATGGTGGGTCAGGGCACCGGCAATCCAAATGATGGTTATGAGGAGTTAAACCTGAAGTCCACCAAGGGTGACCTCCAGTTCTCCCCCTGGATTCTGGTCCCTCATATCGGGTATGGCTTCCATCAGTACCTGCCCTACCCTGACGGGATGTCGCCTTTCCAGGCCGCCATGGTAGATGGCTCCGGCTACCAAGTCCATCGCACAATGCAGTTTGAAGATGGTGCCTCCCTTACTGTTAACTACCGCTACACCTACGAGGGAAGCCACATCAAAGGAGAGGCCCAGGTGAAGGGGACTGGTTTCCCTGCTGACGGTCCTGTGATGACCAACTCGCTGACCGCTGCGGACTGGTGCAGGTCGAAGAAGACTTACCCCAACGACAAAACCATCATCAGTACCTTTAAGTGGAGTTACACCACTGGAAATGGCAAGCGCTACCGGAGCACTGCGCGGACCACCTACACCTTTGCCAAGCCAATGGCGGCTAACTATCTGAAGAACCAGCCGATGTACGTGTTCCGTAAGACGGAGCTCAAGCACTCCAAGACCGAGCTCAACTTCAAGGAGTGGCAAAAGGCCTTTACCGATGTGATGGGCATGGACGAGCTGTACAAGGGGAGCGAGACGACTACTCTGGCGTCGATGAGGGA,775,2183,Q-242811
Gene Fragments with adapters,mRuby3_BsMBIflanked,pSHPs0207B250701HA,F1,ACGTCTCAGCGGGGTGTCTAAGGGCGAAGAGCTGATCAAGGAAAATATGCGTATGAAGGTGGTCATGGAAGGTTCGGTCAACGGCCACCAATTCAAATGCACAGGTGAAGGAGAAGGCAGACCGTACGAGGGAGTGCAAACCATGAGGATCAAAGTCATCGAGGGAGGACCCCTGCCATTTGCCTTTGACATTCTTGCCACGTCGTTCATGTATGGCAGCCGTACCTTTATCAAGTACCCGGCGGACATCCCTGATTTCTTTAAACAGTCCTTTCCTGAGGGTTTTACTTGGGAAAGAGTTACGAGATACGAAGATGGTGGAGTCGTCACCGTCACGCAGGACACCAGCCTTGAGGATGGCGAGCTCGTCTACAACGTCAAGGTCAGAGGGGTAAACTTTCCCTCCAATGGTCCCGTGATGCAGAAGAAGACCAAGGGTTGGGAGCCTAATACAGAGATGATGTATCCAGCAGATGGTGGTCTGAGAGGATACACTGACATCGCACTGAAAGTTGATGGTGGTGGCCATCTGCACTGCAACTTCGTGACAACTTACAGGTCAAAAAAGACCGTCGGGAACATCAAGATGCCCGGTGTCCATGCCGTTGATCACCGCCTGGAAAGGATCGAGGAGAGTGACAATGAAACCTACGTAGTGCAAAGAGAAGTGGCAGTTGCCAAATACAGCAACCTTGGTGGTGGCATGGACGAGCTGTACAAGGGGAGCGAGACGA,734,CAATCCGCCCTCACTACAACCGACGTCTCAGCGGGGTGTCTAAGGGCGAAGAGCTGATCAAGGAAAATATGCGTATGAAGGTGGTCATGGAAGGTTCGGTCAACGGCCACCAATTCAAATGCACAGGTGAAGGAGAAGGCAGACCGTACGAGGGAGTGCAAACCATGAGGATCAAAGTCATCGAGGGAGGACCCCTGCCATTTGCCTTTGACATTCTTGCCACGTCGTTCATGTATGGCAGCCGTACCTTTATCAAGTACCCGGCGGACATCCCTGATTTCTTTAAACAGTCCTTTCCTGAGGGTTTTACTTGGGAAAGAGTTACGAGATACGAAGATGGTGGAGTCGTCACCGTCACGCAGGACACCAGCCTTGAGGATGGCGAGCTCGTCTACAACGTCAAGGTCAGAGGGGTAAACTTTCCCTCCAATGGTCCCGTGATGCAGAAGAAGACCAAGGGTTGGGAGCCTAATACAGAGATGATGTATCCAGCAGATGGTGGTCTGAGAGGATACACTGACATCGCACTGAAAGTTGATGGTGGTGGCCATCTGCACTGCAACTTCGTGACAACTTACAGGTCAAAAAAGACCGTCGGGAACATCAAGATGCCCGGTGTCCATGCCGTTGATCACCGCCTGGAAAGGATCGAGGAGAGTGACAATGAAACCTACGTAGTGCAAAGAGAAGTGGCAGTTGCCAAATACAGCAACCTTGGTGGTGGCATGGACGAGCTGTACAAGGGGAGCGAGACGACTACTCTGGCGTCGATGAGGGA,778,2298,Q-242811
Gene Fragments with adapters,Nanoluc_BsMBIflanked,pSHPs0207B250701HA,G1,ACGTCTCAGCGGGGTCTTCACACTCGAAGATTTCGTTGGGGACTGGCGACAGACAGCCGGCTACAACCTGGACCAAGTCCTTGAACAGGGAGGTGTGTCCAGTTTGTTTCAGAATCTCGGGGTGTCCGTAACTCCGATCCAAAGGATTGTCCTGAGCGGTGAAAATGGGCTGAAGATCGACATCCATGTCATCATCCCGTATGAAGGTCTGAGCGGCGACCAAATGGGCCAGATCGAAAAAATTTTTAAGGTGGTGTACCCTGTGGATGATCATCACTTTAAGGTGATCCTGCACTATGGCACACTGGTAATCGACGGGGTTACGCCGAACATGATCGACTATTTCGGACGCCCGTATGAAGGCATCGCCGTGTTCGACGGCAAAAAGATCACTGTAACAGGGACCCTGTGGAACGGCAACAAAATTATCGACGAGCGCCTGATCAACCCCGACGGCTCCCTGCTGTTCCGAGTAACCATCAACGGAGTGACCGGCTGGCGGCTGTGCGAACGCATTCTGGCGGGGAGCGAGACGA,536,CAATCCGCCCTCACTACAACCGACGTCTCAGCGGGGTCTTCACACTCGAAGATTTCGTTGGGGACTGGCGACAGACAGCCGGCTACAACCTGGACCAAGTCCTTGAACAGGGAGGTGTGTCCAGTTTGTTTCAGAATCTCGGGGTGTCCGTAACTCCGATCCAAAGGATTGTCCTGAGCGGTGAAAATGGGCTGAAGATCGACATCCATGTCATCATCCCGTATGAAGGTCTGAGCGGCGACCAAATGGGCCAGATCGAAAAAATTTTTAAGGTGGTGTACCCTGTGGATGATCATCACTTTAAGGTGATCCTGCACTATGGCACACTGGTAATCGACGGGGTTACGCCGAACATGATCGACTATTTCGGACGCCCGTATGAAGGCATCGCCGTGTTCGACGGCAAAAAGATCACTGTAACAGGGACCCTGTGGAACGGCAACAAAATTATCGACGAGCGCCTGATCAACCCCGACGGCTCCCTGCTGTTCCGAGTAACCATCAACGGAGTGACCGGCTGGCGGCTGTGCGAACGCATTCTGGCGGGGAGCGAGACGACTACTCTGGCGTCGATGAGGGA,580,1651,Q-242811
Gene Fragments with adapters,SIINFEKL_BsMBIflanked,pSHPs0207B250701HA,H1,TCGTAATAGCCTCCAAGAGATTGATGATACAGCTCGTCATGGGCACAGAGCTAGACGGCGCCGATGGATAGCGCGACGGACTTTCGGTCAACCACAATTCCCCACGAGACAGGTCCTGCCGTGCGACGTCTCAGCGGGCTCGAGCAGCTGGAATCCATCATCAACTTCGAAAAGCTCGGGAGCGAGACGACATCACTCTGAATGTACAAGCAACCCAAGAGGGCTGAGCCTGGGATCGCTACTCAGCTGGTTCCTGGGTGAGCTCGAGACTCGGGGTGACAGCTCTTCATACATAGAGCGGGGGCGTCGAAC,312,CAATCCGCCCTCACTACAACCGTCGTAATAGCCTCCAAGAGATTGATGATACAGCTCGTCATGGGCACAGAGCTAGACGGCGCCGATGGATAGCGCGACGGACTTTCGGTCAACCACAATTCCCCACGAGACAGGTCCTGCCGTGCGACGTCTCAGCGGGCTCGAGCAGCTGGAATCCATCATCAACTTCGAAAAGCTCGGGAGCGAGACGACATCACTCTGAATGTACAAGCAACCCAAGAGGGCTGAGCCTGGGATCGCTACTCAGCTGGTTCCTGGGTGAGCTCGAGACTCGGGGTGACAGCTCTTCATACATAGAGCGGGGGCGTCGAACCTACTCTGGCGTCGATGAGGGA,356,1446,Q-242811
